{
  "IcoMoonType": "selection",
  "icons": [
    {
      "icon": {
        "paths": [
          "M341.333 955.733h273.067v68.267h-273.067v-68.267z",
          "M341.333 477.867h273.067v68.267h-273.067v-68.267z",
          "M0 0h614.4v68.267h-614.4v-68.267z"
        ],
        "attrs": [
          {
            "fill": "rgb(157, 164, 189)"
          },
          {
            "fill": "rgb(157, 164, 189)"
          },
          {
            "fill": "rgb(255, 255, 255)"
          }
        ],
        "width": 614,
        "isMulticolor": true,
        "isMulticolor2": false,
        "grid": 0,
        "tags": [
          "Pagination"
        ],
        "colorPermutations": {
          "15716418912552552551": [
            {
              "f": 0
            },
            {
              "f": 0
            },
            {
              "f": 1
            }
          ]
        }
      },
      "attrs": [
        {
          "fill": "rgb(157, 164, 189)"
        },
        {
          "fill": "rgb(157, 164, 189)"
        },
        {
          "fill": "rgb(255, 255, 255)"
        }
      ],
      "properties": {
        "order": 2,
        "id": 0,
        "name": "Pagination",
        "prevSize": 32
      },
      "setIdx": 0,
      "setId": 11,
      "iconIdx": 0
    }
  ],
  "height": 1024,
  "preferences": {
    "showGlyphs": true,
    "showQuickUse": true,
    "showQuickUse2": true,
    "showSVGs": true,
    "fontPref": {
      "prefix": "icon-",
      "metadata": {
        "fontFamily": "icomoon"
      },
      "metrics": {
        "emSize": 1024,
        "baseline": 6.25,
        "whitespace": 50
      },
      "embed": false
    },
    "imagePref": {
      "prefix": "icon-",
      "png": false,
      "useClassSelector": true,
      "color": 0,
      "bgColor": 16777215,
      "classSelector": ".icon",
      "name": "icomoon",
      "height": 32,
      "columns": 16,
      "margin": 16,
      "sprite": true
    },
    "historySize": 50,
    "showCodes": true,
    "gridSize": 16,
    "showGrid": true
  }
}